name,price_raw,price,citation_raw,citation,ocr_raw,detail_url,scraped_at
AI PDF Reader,Free plan · paid from $0.99/mo,0.99,Source citations,Yes,Scanned PDF support,https://www.itechguides.com/products/ai-pdf-reader/,2026-09-28T11:20:19+09:00
Anara,Free plan · paid from $10/user/mo (annual),10.0,Source citations,Yes,Scanned PDF support,https://www.itechguides.com/products/anara/,2026-09-28T11:20:19+09:00
docAnalyzer,Free plan · paid from $8/mo,8.0,Source citations,Yes,Scanned PDF support,https://www.itechguides.com/products/docanalyzer/,2026-09-28T11:20:19+09:00
PDF.chat,Free plan · paid from $5/mo,5.0,Source citations,Yes,Scanned PDF support,https://www.itechguides.com/products/pdf-chat/,2026-09-28T11:20:19+09:00
Sharly AI,Free plan · paid from $12.50/user/mo (annual),12.5,Source citations,Yes,Scanned PDF support,https://www.itechguides.com/products/sharly-ai/,2026-09-28T11:20:19+09:00
pdfAssistant.ai,Free plan · paid from $9.99/mo,9.99,,No,Scanned PDF support,https://www.itechguides.com/products/pdfassistant-ai/,2026-09-28T11:20:19+09:00
AskYourPDF,Free plan · paid from $11.99/mo (annual),11.99,,No,,https://www.itechguides.com/products/askyourpdf/,2026-09-28T11:20:19+09:00
ChatDOC,Free plan · paid from $8.99/mo,8.99,Source citations,Yes,Scanned PDF support,https://www.itechguides.com/products/chatdoc/,2026-09-28T11:20:19+09:00
Doxy,Free plan · paid from $4.99/mo,4.99,Source citations,Yes,,https://www.itechguides.com/products/doxy/,2026-09-28T11:20:19+09:00
ResearchPal AI Paraphraser,Free plan · paid from $8.25/mo (annual),8.25,Source citations,Yes,,https://www.itechguides.com/products/researchpal-ai-paraphraser/,2026-09-28T11:20:19+09:00
Explainpaper,Free plan · paid from $16/user/mo · 7-day trial,16.0,Source citations,Yes,,https://www.itechguides.com/products/explainpaper/,2026-09-28T11:20:19+09:00
Audeus,Free plan · paid from $9.92/mo (annual) · 3-day trial,9.92,Source citations,Yes,Scanned PDF support,https://www.itechguides.com/products/audeus/,2026-09-28T11:20:19+09:00
PDF.ai API,Free plan · paid from $49/mo,49.0,,No,,https://www.itechguides.com/products/pdf-ai-api/,2026-09-28T11:20:19+09:00
Paperpal,Free plan · paid from $12/user/mo (annual),12.0,,No,,https://www.itechguides.com/products/paperpal/,2026-09-28T11:20:19+09:00
